Unknown_1,Male,Adult,2025-06-30,15:30:32
Unknown_1,Male,Adult,2025-06-30,15:32:49
Unknown_2,Female,Adult,2025-06-30,15:34:57
Unknown_3,Male,Adult,2025-06-30,15:35:40
Unknown_4,Female,Adult,2025-06-30,15:35:44
Unknown_5,Male,Adult,2025-06-30,15:36:22
Unknown_1,Female,Adult,2025-06-30,15:40:26
Unknown_2,Male,Adult,2025-06-30,15:40:47
Unknown_3,Male,Adult,2025-06-30,15:41:18
Unknown_4,Female,Adult,2025-06-30,15:41:32
Unknown_5,Female,Adult,2025-06-30,15:41:36
Unknown_6,Female,Adult,2025-06-30,15:42:09
Unknown_7,Male,Adult,2025-06-30,15:42:34
Unknown_8,Male,Adult,2025-06-30,15:42:37
